{
	"info": {
		"_postman_id": "f5bdcca9-1df4-49dc-bc13-f0bac03fec57",
		"name": "Sprint2",
		"schema": "https://schema.getpostman.com/json/collection/v2.1.0/collection.json"
	},
	"item": [
		{
			"name": "caracteristicaXProducto",
			"request": {
				"method": "GET",
				"header": [],
				"url": {
					"raw": "localhost:8080/producto/2",
					"host": [
						"localhost"
					],
					"port": "8080",
					"path": [
						"producto",
						"2"
					]
				}
			},
			"response": []
		},
		{
			"name": "crearCaractersitica",
			"request": {
				"method": "POST",
				"header": [],
				"body": {
					"mode": "raw",
					"raw": "{\n    \"titulo\" : \"Nueva Caracteristica\"\n}",
					"options": {
						"raw": {
							"language": "json"
						}
					}
				},
				"url": {
					"raw": "localhost:8080/caracteristica",
					"host": [
						"localhost"
					],
					"port": "8080",
					"path": [
						"caracteristica"
					]
				}
			},
			"response": []
		},
		{
			"name": "listarCaracteristica",
			"request": {
				"method": "GET",
				"header": [],
				"url": {
					"raw": "localhost:8080/caracteristica",
					"host": [
						"localhost"
					],
					"port": "8080",
					"path": [
						"caracteristica"
					]
				}
			},
			"response": []
		},
		{
			"name": "getCiudad",
			"request": {
				"method": "GET",
				"header": [],
				"url": {
					"raw": "localhost:8080/ciudad",
					"host": [
						"localhost"
					],
					"port": "8080",
					"path": [
						"ciudad"
					]
				}
			},
			"response": []
		},
		{
			"name": "crearCiudad",
			"request": {
				"method": "POST",
				"header": [],
				"body": {
					"mode": "raw",
					"raw": "{\n    \"nombre\":\"Rivera\",\n    \"provincia\": \"Rivera\",\n    \"pais\": \"Uruguay\"\n}",
					"options": {
						"raw": {
							"language": "json"
						}
					}
				},
				"url": {
					"raw": "localhost:8080/ciudad",
					"host": [
						"localhost"
					],
					"port": "8080",
					"path": [
						"ciudad"
					]
				}
			},
			"response": []
		},
		{
			"name": "listarImg",
			"request": {
				"method": "GET",
				"header": [],
				"url": {
					"raw": "localhost:8080/imagen",
					"host": [
						"localhost"
					],
					"port": "8080",
					"path": [
						"imagen"
					]
				}
			},
			"response": []
		},
		{
			"name": "productoPorCiudadImg",
			"request": {
				"method": "GET",
				"header": [],
				"url": {
					"raw": "localhost:8080/producto/1",
					"host": [
						"localhost"
					],
					"port": "8080",
					"path": [
						"producto",
						"1"
					]
				}
			},
			"response": []
		},
		{
			"name": "imagenPorCategoriaImg",
			"request": {
				"method": "GET",
				"header": [],
				"url": {
					"raw": "localhost:8080/categoria/1",
					"host": [
						"localhost"
					],
					"port": "8080",
					"path": [
						"categoria",
						"1"
					]
				}
			},
			"response": []
		},
		{
			"name": "guardarImg",
			"request": {
				"method": "POST",
				"header": [],
				"body": {
					"mode": "raw",
					"raw": "{\n    \"titulo\":\"Img Crear\",\n    \"url_imagen\": \"https://pix10.agoda.net/hotelImages/25559625/-1/5cf59e3071ad2ceed6ec0ffae757c506.jpg?ca=21&ce=0&s=1024x768\"\n}",
					"options": {
						"raw": {
							"language": "json"
						}
					}
				},
				"url": {
					"raw": "localhost:8080/imagen",
					"host": [
						"localhost"
					],
					"port": "8080",
					"path": [
						"imagen"
					]
				}
			},
			"response": []
		},
		{
			"name": "listarProductos",
			"request": {
				"method": "GET",
				"header": [],
				"url": {
					"raw": "localhost:8080/producto",
					"host": [
						"localhost"
					],
					"port": "8080",
					"path": [
						"producto"
					]
				}
			},
			"response": []
		},
		{
			"name": "buscarProducto",
			"request": {
				"method": "GET",
				"header": [],
				"url": {
					"raw": "localhost:8080/producto/1",
					"host": [
						"localhost"
					],
					"port": "8080",
					"path": [
						"producto",
						"1"
					]
				}
			},
			"response": []
		},
		{
			"name": "productoPorCategoria",
			"request": {
				"method": "GET",
				"header": [],
				"url": {
					"raw": "localhost:8080/producto/categoria/1",
					"host": [
						"localhost"
					],
					"port": "8080",
					"path": [
						"producto",
						"categoria",
						"1"
					]
				}
			},
			"response": []
		},
		{
			"name": "productoPorCiudad",
			"request": {
				"method": "GET",
				"header": [],
				"url": {
					"raw": "localhost:8080/producto/ciudad/1",
					"host": [
						"localhost"
					],
					"port": "8080",
					"path": [
						"producto",
						"ciudad",
						"1"
					]
				}
			},
			"response": []
		},
		{
			"name": "getProductoRandom",
			"request": {
				"method": "GET",
				"header": [],
				"url": {
					"raw": "localhost:8080/producto/random",
					"host": [
						"localhost"
					],
					"port": "8080",
					"path": [
						"producto",
						"random"
					]
				}
			},
			"response": []
		},
		{
			"name": "crearProducto",
			"request": {
				"method": "POST",
				"header": [],
				"body": {
					"mode": "raw",
					"raw": "{\n    \"titulo\": \"Hotel 1\",\n    \"descripcion_producto\": \"económico\",\n    \"descripcion_ubicacion\": \"céntrico\",\n    \"url_ubicacion\":\"www.mapa.com\",\n    \"normas\": \"No mascotas\",\n    \"seguridad\": \"seguridad 24hs\",\n    \"cancelacion\": \"24hs antes\",\n    \"puntuacion\": 4,\n    \"categoria\": \"Muy bueno\",\n    \"ciudad\": \"Mendoza\"\n}",
					"options": {
						"raw": {
							"language": "json"
						}
					}
				},
				"url": {
					"raw": "localhost:8080/producto",
					"host": [
						"localhost"
					],
					"port": "8080",
					"path": [
						"producto"
					]
				}
			},
			"response": []
		}
	]
}