{
	"info": {
		"_postman_id": "d38fda58-2953-42d8-9f92-b4e44ed21c2b",
		"name": "Sprint1",
		"schema": "https://schema.getpostman.com/json/collection/v2.1.0/collection.json"
	},
	"item": [
		{
			"name": "getCategoría",
			"protocolProfileBehavior": {
				"disableBodyPruning": true
			},
			"request": {
				"method": "GET",
				"header": [],
				"body": {
					"mode": "raw",
					"raw": "",
					"options": {
						"raw": {
							"language": "json"
						}
					}
				},
				"url": {
					"raw": "localhost:8080/categoria/1",
					"host": [
						"localhost"
					],
					"port": "8080",
					"path": [
						"categoria",
						"1"
					]
				}
			},
			"response": []
		},
		{
			"name": "postCategoria",
			"request": {
				"method": "POST",
				"header": [],
				"body": {
					"mode": "raw",
					"raw": "{\n    \"titulo\":\"Hoteles\",\n    \"descripcion\": \"en la ciudad\",\n    \"url_imagen\": \"www.hotelesenlaciudad.com\"\n\n}",
					"options": {
						"raw": {
							"language": "json"
						}
					}
				},
				"url": {
					"raw": "localhost:8080/categoria",
					"host": [
						"localhost"
					],
					"port": "8080",
					"path": [
						"categoria"
					]
				}
			},
			"response": []
		},
		{
			"name": "putCategoria",
			"request": {
				"method": "PUT",
				"header": [],
				"body": {
					"mode": "raw",
					"raw": "{\n    \"id\" : 3,\n    \"titulo\":\"Hoteles destacados\",\n    \"descripcion\": \"en la ciudad\",\n    \"url_imagen\": \"www.hotelesenlaciudad.com\"\n\n}",
					"options": {
						"raw": {
							"language": "json"
						}
					}
				},
				"url": {
					"raw": "localhost:8080/categoria",
					"host": [
						"localhost"
					],
					"port": "8080",
					"path": [
						"categoria"
					]
				}
			},
			"response": []
		},
		{
			"name": "deleteCategoria",
			"request": {
				"method": "DELETE",
				"header": [],
				"body": {
					"mode": "raw",
					"raw": "",
					"options": {
						"raw": {
							"language": "json"
						}
					}
				},
				"url": {
					"raw": "localhost:8080/categoria/3",
					"host": [
						"localhost"
					],
					"port": "8080",
					"path": [
						"categoria",
						"3"
					]
				}
			},
			"response": []
		},
		{
			"name": "listarCategoria",
			"request": {
				"method": "GET",
				"header": [],
				"url": {
					"raw": "localhost:8080/categoria",
					"host": [
						"localhost"
					],
					"port": "8080",
					"path": [
						"categoria"
					]
				}
			},
			"response": []
		}
	]
}