{
	"info": {
		"_postman_id": "0ec43e7c-fa51-4d3e-9328-2fc422abea51",
		"name": "Sprint3-completamosCRUDs2",
		"schema": "https://schema.getpostman.com/json/collection/v2.1.0/collection.json"
	},
	"item": [
		{
			"name": "eliminarCaracteristica",
			"request": {
				"method": "DELETE",
				"header": [],
				"url": {
					"raw": "localhost:8080/caracteristica/8",
					"host": [
						"localhost"
					],
					"port": "8080",
					"path": [
						"caracteristica",
						"8"
					]
				}
			},
			"response": []
		},
		{
			"name": "buscarCaracteristica",
			"request": {
				"method": "GET",
				"header": [],
				"url": {
					"raw": "localhost:8080/caracteristica/1",
					"host": [
						"localhost"
					],
					"port": "8080",
					"path": [
						"caracteristica",
						"1"
					]
				}
			},
			"response": []
		},
		{
			"name": "actualizarCaracteristica",
			"request": {
				"method": "PUT",
				"header": [],
				"body": {
					"mode": "raw",
					"raw": "{\n    \"id\": 9,\n    \"titulo\": \"Caracteristica Actualizada\"\n}",
					"options": {
						"raw": {
							"language": "json"
						}
					}
				},
				"url": {
					"raw": "localhost:8080/caracteristica",
					"host": [
						"localhost"
					],
					"port": "8080",
					"path": [
						"caracteristica"
					]
				}
			},
			"response": []
		},
		{
			"name": "eliminarCiudad",
			"request": {
				"method": "DELETE",
				"header": [],
				"url": {
					"raw": "localhost:8080/ciudad/9",
					"host": [
						"localhost"
					],
					"port": "8080",
					"path": [
						"ciudad",
						"9"
					]
				}
			},
			"response": []
		},
		{
			"name": "buscarCiudadXid",
			"request": {
				"method": "GET",
				"header": [],
				"url": {
					"raw": "localhost:8080/ciudad/3",
					"host": [
						"localhost"
					],
					"port": "8080",
					"path": [
						"ciudad",
						"3"
					]
				}
			},
			"response": []
		},
		{
			"name": "actualizarCiudad",
			"request": {
				"method": "PUT",
				"header": [],
				"body": {
					"mode": "raw",
					"raw": "{\n    \"id\": 3,\n    \"nombre\": \"Montevideo\",\n    \"provincia\": \"Montevideo\",\n    \"pais\": \"Uruguay\"\n}",
					"options": {
						"raw": {
							"language": "json"
						}
					}
				},
				"url": {
					"raw": "localhost:8080/ciudad",
					"host": [
						"localhost"
					],
					"port": "8080",
					"path": [
						"ciudad"
					]
				}
			},
			"response": []
		},
		{
			"name": "eliminarImg",
			"request": {
				"method": "DELETE",
				"header": [],
				"url": {
					"raw": "localhost:8080/imagen/2",
					"host": [
						"localhost"
					],
					"port": "8080",
					"path": [
						"imagen",
						"2"
					]
				}
			},
			"response": []
		},
		{
			"name": "buscarImg",
			"request": {
				"method": "GET",
				"header": [],
				"url": {
					"raw": "localhost:8080/imagen/1",
					"host": [
						"localhost"
					],
					"port": "8080",
					"path": [
						"imagen",
						"1"
					]
				}
			},
			"response": []
		},
		{
			"name": "actualizarImg",
			"request": {
				"method": "PUT",
				"header": [],
				"body": {
					"mode": "raw",
					"raw": "{\n    \"id\": 65,\n    \"titulo\": \"Img\",\n    \"url_imagen\": \"https://pix10.agoda.net/hotelImages/25559625/-1/5cf59e3071ad2ceed6ec0ffae757c506.jpg?ca=21&ce=0&s=1024x768\"\n}",
					"options": {
						"raw": {
							"language": "json"
						}
					}
				},
				"url": {
					"raw": "localhost:8080/imagen",
					"host": [
						"localhost"
					],
					"port": "8080",
					"path": [
						"imagen"
					]
				}
			},
			"response": []
		},
		{
			"name": "buscarImg",
			"request": {
				"method": "GET",
				"header": [],
				"url": {
					"raw": "localhost:8080/imagen/65",
					"host": [
						"localhost"
					],
					"port": "8080",
					"path": [
						"imagen",
						"65"
					]
				}
			},
			"response": []
		},
		{
			"name": "eliminarProducto",
			"request": {
				"method": "DELETE",
				"header": [],
				"url": {
					"raw": "localhost:8080/producto/2",
					"host": [
						"localhost"
					],
					"port": "8080",
					"path": [
						"producto",
						"2"
					]
				}
			},
			"response": []
		},
		{
			"name": "buscarProductosDisponiblesXfecha",
			"request": {
				"method": "GET",
				"header": [],
				"url": {
					"raw": "localhost:8080/producto/disponibles/fecha?fechaInicial=2023-03-10&fechaFinal=2023-03-30",
					"host": [
						"localhost"
					],
					"port": "8080",
					"path": [
						"producto",
						"disponibles",
						"fecha"
					],
					"query": [
						{
							"key": "fechaInicial",
							"value": "2023-03-10"
						},
						{
							"key": "fechaFinal",
							"value": "2023-03-30"
						}
					]
				}
			},
			"response": []
		},
		{
			"name": "buscarProductosDisponiblesXfecha-ciudad",
			"request": {
				"method": "GET",
				"header": [],
				"url": {
					"raw": "localhost:8080/producto/disponibles/fechaciudad?ciudadId=1&fechaInicial=2023-03-17&fechaFinal=2023-03-30",
					"host": [
						"localhost"
					],
					"port": "8080",
					"path": [
						"producto",
						"disponibles",
						"fechaciudad"
					],
					"query": [
						{
							"key": "ciudadId",
							"value": "1"
						},
						{
							"key": "fechaInicial",
							"value": "2023-03-17"
						},
						{
							"key": "fechaFinal",
							"value": "2023-03-30"
						}
					]
				}
			},
			"response": []
		}
	]
}