{
	"info": {
		"_postman_id": "c51468cc-7973-442c-837e-aff7a884bc46",
		"name": "Sprint3-Reservas",
		"schema": "https://schema.getpostman.com/json/collection/v2.1.0/collection.json"
	},
	"item": [
		{
			"name": "agregarReserva",
			"request": {
				"method": "POST",
				"header": [],
				"body": {
					"mode": "raw",
					"raw": "{\n    \"horaComienzo\": \"10:00:00\",\n    \"fechaInicial\": \"2023-03-20\",\n    \"fechaFinal\": \"2023-03-25\",\n    \"producto\":{\n        \"id\":2\n    },\n    \"usuario\": 1\n\n}",
					"options": {
						"raw": {
							"language": "json"
						}
					}
				},
				"url": {
					"raw": "localhost:8080/reserva",
					"host": [
						"localhost"
					],
					"port": "8080",
					"path": [
						"reserva"
					]
				}
			},
			"response": []
		},
		{
			"name": "buscarReservaXid",
			"request": {
				"method": "GET",
				"header": [],
				"url": {
					"raw": "localhost:8080/reserva/3",
					"host": [
						"localhost"
					],
					"port": "8080",
					"path": [
						"reserva",
						"3"
					]
				}
			},
			"response": []
		},
		{
			"name": "eliminarReserva",
			"request": {
				"method": "DELETE",
				"header": [],
				"url": {
					"raw": "localhost:8080/reserva/4",
					"host": [
						"localhost"
					],
					"port": "8080",
					"path": [
						"reserva",
						"4"
					]
				}
			},
			"response": []
		},
		{
			"name": "listarReservasAsignadasAlProducto",
			"request": {
				"method": "GET",
				"header": [],
				"url": {
					"raw": "localhost:8080/reserva/producto/1",
					"host": [
						"localhost"
					],
					"port": "8080",
					"path": [
						"reserva",
						"producto",
						"1"
					]
				}
			},
			"response": []
		},
		{
			"name": "listarTodasReservas",
			"request": {
				"method": "GET",
				"header": [],
				"url": {
					"raw": "localhost:8080/reserva",
					"host": [
						"localhost"
					],
					"port": "8080",
					"path": [
						"reserva"
					]
				}
			},
			"response": []
		},
		{
			"name": "actualizarReserva",
			"request": {
				"method": "PUT",
				"header": [],
				"body": {
					"mode": "raw",
					"raw": "{\n    \"id\": 8,\n    \"horaComienzo\": \"10:00:00\",\n    \"fechaInicial\": \"2023-03-20\",\n    \"fechaFinal\": \"2023-03-25\",\n    \"producto\":{\n        \"id\":2\n    },\n    \"usuario\": 1\n\n}",
					"options": {
						"raw": {
							"language": "json"
						}
					}
				},
				"url": {
					"raw": "localhost:8080/reserva",
					"host": [
						"localhost"
					],
					"port": "8080",
					"path": [
						"reserva"
					]
				}
			},
			"response": []
		}
	]
}