{
	"info": {
		"_postman_id": "c51468cc-7973-442c-837e-aff7a884bc46",
		"name": "Producto",
		"schema": "https://schema.getpostman.com/json/collection/v2.1.0/collection.json"
	},
	"item": [
		{
			"name": "listarProductos",
			"request": {
				"method": "GET",
				"header": [],
				"url": {
					"raw": "localhost:8080/producto",
					"host": [
						"localhost"
					],
					"port": "8080",
					"path": [
						"producto"
					]
				}
			},
			"response": []
		},
		{
			"name": "productoPorCiudad",
			"request": {
				"method": "GET",
				"header": [],
				"url": {
					"raw": "localhost:8080/producto/ciudad/1",
					"host": [
						"localhost"
					],
					"port": "8080",
					"path": [
						"producto",
						"ciudad",
						"1"
					]
				}
			},
			"response": []
		},
		{
			"name": "buscarProductosDisponiblesXfecha-ciudad",
			"request": {
				"method": "GET",
				"header": [],
				"url": {
					"raw": "localhost:8080/producto/disponibles/fechaciudad?ciudadId=1&fechaInicial=2023-03-17&fechaFinal=2023-03-30",
					"host": [
						"localhost"
					],
					"port": "8080",
					"path": [
						"producto",
						"disponibles",
						"fechaciudad"
					],
					"query": [
						{
							"key": "ciudadId",
							"value": "1"
						},
						{
							"key": "fechaInicial",
							"value": "2023-03-17"
						},
						{
							"key": "fechaFinal",
							"value": "2023-03-30"
						}
					]
				}
			},
			"response": []
		},
		{
			"name": "buscarProductoXid",
			"request": {
				"method": "GET",
				"header": [],
				"url": {
					"raw": "localhost:8080/producto/1",
					"host": [
						"localhost"
					],
					"port": "8080",
					"path": [
						"producto",
						"1"
					]
				}
			},
			"response": []
		},
		{
			"name": "productoPorCategoria",
			"request": {
				"method": "GET",
				"header": [],
				"url": {
					"raw": "localhost:8080/producto/categoria/1",
					"host": [
						"localhost"
					],
					"port": "8080",
					"path": [
						"producto",
						"categoria",
						"1"
					]
				}
			},
			"response": []
		},
		{
			"name": "buscarProductosDisponiblesXfecha",
			"request": {
				"method": "GET",
				"header": [],
				"url": {
					"raw": "localhost:8080/producto/disponibles/fecha?fechaInicial=2023-03-10&fechaFinal=2023-03-30",
					"host": [
						"localhost"
					],
					"port": "8080",
					"path": [
						"producto",
						"disponibles",
						"fecha"
					],
					"query": [
						{
							"key": "fechaInicial",
							"value": "2023-03-10"
						},
						{
							"key": "fechaFinal",
							"value": "2023-03-30"
						}
					]
				}
			},
			"response": []
		},
		{
			"name": "getProductoRandom",
			"request": {
				"method": "GET",
				"header": [],
				"url": {
					"raw": "localhost:8080/producto/random",
					"host": [
						"localhost"
					],
					"port": "8080",
					"path": [
						"producto",
						"random"
					]
				}
			},
			"response": []
		},
		{
			"name": "crearProducto",
			"request": {
				"method": "POST",
				"header": [],
				"body": {
					"mode": "raw",
					"raw": "{\n    \"titulo\": \"Hotel 1\",\n    \"descripcion_producto\": \"económico\",\n    \"descripcion_ubicacion\": \"céntrico\",\n    \"url_ubicacion\":\"www.mapa.com\",\n    \"normas\": \"No mascotas\",\n    \"seguridad\": \"seguridad 24hs\",\n    \"cancelacion\": \"24hs antes\",\n    \"puntuacion\": 4,\n    \"categoria\": \"Muy bueno\",\n    \"ciudad\": \"Mendoza\"\n}",
					"options": {
						"raw": {
							"language": "json"
						}
					}
				},
				"url": {
					"raw": "localhost:8080/producto",
					"host": [
						"localhost"
					],
					"port": "8080",
					"path": [
						"producto"
					]
				}
			},
			"response": []
		},
		{
			"name": "actualizarProducto",
			"request": {
				"method": "GET",
				"header": []
			},
			"response": []
		},
		{
			"name": "eliminarProducto",
			"request": {
				"method": "DELETE",
				"header": [],
				"url": {
					"raw": "localhost:8080/producto/2",
					"host": [
						"localhost"
					],
					"port": "8080",
					"path": [
						"producto",
						"2"
					]
				}
			},
			"response": []
		}
	]
}