{
	"info": {
		"_postman_id": "f85c215e-dc24-437d-a72a-e6e68341459b",
		"name": "Usuario",
		"schema": "https://schema.getpostman.com/json/collection/v2.1.0/collection.json"
	},
	"item": [
		{
			"name": "listarUsuario",
			"request": {
				"method": "GET",
				"header": [],
				"url": {
					"raw": "localhost:8080/usuario",
					"host": [
						"localhost"
					],
					"port": "8080",
					"path": [
						"usuario"
					]
				}
			},
			"response": []
		},
		{
			"name": "buscarUsuarioXid",
			"request": {
				"method": "GET",
				"header": [],
				"url": {
					"raw": "localhost:8080/usuario/1",
					"host": [
						"localhost"
					],
					"port": "8080",
					"path": [
						"usuario",
						"1"
					]
				}
			},
			"response": []
		},
		{
			"name": "agregarUsuario",
			"request": {
				"method": "POST",
				"header": [],
				"body": {
					"mode": "raw",
					"raw": "{\n    \"nombre\": \"ceci\",\n    \"apellido\": \"aquino\",\n    \"email\": \"ceci@dh.com\",\n    \"password\": \"ceci\"\n}",
					"options": {
						"raw": {
							"language": "json"
						}
					}
				},
				"url": {
					"raw": "localhost:8080/usuario/registro",
					"host": [
						"localhost"
					],
					"port": "8080",
					"path": [
						"usuario",
						"registro"
					]
				}
			},
			"response": []
		},
		{
			"name": "loginUsuario",
			"request": {
				"method": "POST",
				"header": [],
				"body": {
					"mode": "raw",
					"raw": "{\n    \"email\": \"ceci@dh.com\",\n    \"password\": \"ceci\"\n}",
					"options": {
						"raw": {
							"language": "json"
						}
					}
				},
				"url": {
					"raw": "localhost:8080/login",
					"host": [
						"localhost"
					],
					"port": "8080",
					"path": [
						"login"
					]
				}
			},
			"response": []
		},
		{
			"name": "eliminarUsuario",
			"request": {
				"method": "DELETE",
				"header": [],
				"url": {
					"raw": "localhost:8080/usuario/9",
					"host": [
						"localhost"
					],
					"port": "8080",
					"path": [
						"usuario",
						"9"
					]
				}
			},
			"response": []
		}
	]
}